{"layout":"col-2cl","main_full_width":"no","main_space":{"top":"70","bottom":"30"},"google_rich_snippets":"yes","backtotop_btn":"yes","favicon":"847","favicon_iphone":"848","favicon_ipad":"848","logo":847,"logo_2x":848,"logo_transparency":847,"logo_transparency_2x":848,"logo_mobile":"847","logo_mobile_2x":"848","body_background":{"image":"","repeat":"repeat","position":"left top","attachment":"","size":"","color":""},"text_color":"#9d9d9d","heading_color":"#343538","primary_color":"#35d56a","secondary_color":"#343538","three_color":"#b5b7c4","border_color":"rgba(150,150,150,0.30)","page_loading_animation":"on","page_loading_style":"3","page_loading_custom":"","body_font_size":"16","font_source":"1","main_font":{"family":"Roboto Condensed","variant":["regular"],"font":"google"},"secondary_font":{"family":"Roboto Condensed","variant":["regular"],"font":"google"},"highlight_font":{"family":"Playfair Display","variant":["regular"],"font":"google"},"font_google_code":"","main_google_font_face":"","secondary_google_font_face":"","highlight_google_font_face":"","font_typekit_kit_id":"","main_typekit_font_face":"","secondary_typekit_font_face":"","highlight_typekit_font_face":"","heading_custom_font":"no","h1_font":{"family":"Roboto Condensed","variant":"regular","font":"google","fz_res":{"lg":"","md":"","sm":"","xs":"","mb":""},"lh_res":{"lg":"","md":"","sm":"","xs":"","mb":""}},"h2_font":{"family":"Roboto Condensed","variant":"regular","font":"google","fz_res":{"lg":"","md":"","sm":"","xs":"","mb":""},"lh_res":{"lg":"","md":"","sm":"","xs":"","mb":""}},"h3_font":{"family":"Roboto Condensed","variant":"regular","font":"google","fz_res":{"lg":"","md":"","sm":"","xs":"","mb":""},"lh_res":{"lg":"","md":"","sm":"","xs":"","mb":""}},"h4_font":{"family":"Roboto Condensed","variant":"regular","font":"google","fz_res":{"lg":"","md":"","sm":"","xs":"","mb":""},"lh_res":{"lg":"","md":"","sm":"","xs":"","mb":""}},"h5_font":{"family":"Roboto Condensed","variant":"regular","font":"google","fz_res":{"lg":"","md":"","sm":"","xs":"","mb":""},"lh_res":{"lg":"","md":"","sm":"","xs":"","mb":""}},"h6_font":{"family":"Roboto Condensed","variant":"regular","font":"google","fz_res":{"lg":"","md":"","sm":"","xs":"","mb":""},"lh_res":{"lg":"","md":"","sm":"","xs":"","mb":""}},"header_layout":5,"header_full_width":"no","header_transparency":"no","header_show_cart":"yes","header_show_search":"yes","header_show_wishlist":"yes","header_background":{"image":"","repeat":"repeat","position":"left top","attachment":"","size":"","color":"#fff"},"header_text_color":"#343538","header_link_color":"#343538","header_link_hover_color":"#35d56a","mm_lv_1_color":"#343538","mm_lv_1_bg_color":"rgba(0,0,0,0)","mm_lv_1_hover_color":"#35d56a","mm_lv_1_hover_bg_color":"rgba(0,0,0,0)","header_top_background_color":"rgba(0,0,0,0)","header_top_text_color":"rgba(255,255,255,0.2)","header_top_link_color":"#fff","header_top_link_hover_color":"#35d56a","transparency_header_background":{"image":"","repeat":"repeat","position":"left top","attachment":"","size":"","color":"rgba(0,0,0,0)"},"transparency_header_text_color":"#fff","transparency_header_link_color":"#fff","transparency_header_link_hover_color":"#35d56a","transparency_mm_lv_1_color":"#fff","transparency_mm_lv_1_bg_color":"rgba(0,0,0,0)","transparency_mm_lv_1_hover_color":"#35d56a","transparency_mm_lv_1_hover_bg_color":"rgba(0,0,0,0)","offcanvas_background":"#fff","offcanvas_text_color":"#343538","offcanvas_heading_color":"#343538","offcanvas_link_color":"#343538","offcanvas_link_hover_color":"#35d56a","mm_dropdown_bg":"#fff","mm_dropdown_link_color":"#9d9d9d","mm_dropdown_link_bg":"rgba(0,0,0,0)","mm_dropdown_link_hover_color":"#343538","mm_dropdown_link_hover_bg":"rgba(0,0,0,0)","mm_wide_dropdown_bg":"#fff","mm_wide_dropdown_heading_color":"#343538","mm_wide_dropdown_link_color":"#9d9d9d","mm_wide_dropdown_link_bg":"rgba(0,0,0,0)","mm_wide_dropdown_link_hover_color":"#343538","mm_wide_dropdown_link_hover_bg":"rgba(0,0,0,0)","header_mb_background":"#fff","header_mb_text_color":"#9d9d9d","mb_background":"#ffffff","mb_lv_1_color":"#343538","mb_lv_1_bg_color":"rgba(0,0,0,0)","mb_lv_1_hover_color":"#35d56a","mb_lv_1_hover_bg_color":"rgba(0,0,0,0)","mb_lv_2_color":"#343538","mb_lv_2_bg_color":"rgba(0,0,0,0)","mb_lv_2_hover_color":"#35d56a","mb_lv_2_hover_bg_color":"rgba(255,255,255,0)","page_title_bar_layout":"4","page_title_bar_background":{"image":"","repeat":"repeat","position":"left top","attachment":"","size":"","color":""},"page_title_bar_heading_color":"#343538","page_title_bar_text_color":"#9d9d9d","page_title_bar_link_color":"#9d9d9d","page_title_bar_link_hover_color":"#35d56a","page_title_bar_spacing":{"top":"40","bottom":"40"},"page_title_bar_spacing_tablet":{"top":"25","bottom":"25"},"page_title_bar_spacing_mobile":{"top":"25","bottom":"25"},"woo_override_page_title_bar":"off","woo_page_title_bar_layout":"hide","woo_page_title_bar_background":{"image":"","repeat":"repeat","position":"left top","attachment":"","size":"","color":""},"woo_page_title_bar_heading_color":"#252634","woo_page_title_bar_text_color":"#b5b7c4","woo_page_title_bar_link_color":"#b5b7c4","woo_page_title_bar_link_hover_color":"#252634","woo_page_title_bar_spacing":{"top":"25","bottom":"25"},"woo_page_title_bar_spacing_tablet":{"top":"25","bottom":"25"},"woo_page_title_bar_spacing_mobile":{"top":"25","bottom":"25"},"footer_layout":"4col_cosy1","footer_full_width":"yes","enable_footer_copyright":"yes","footer_copyright":"<div class=\"row\">\r\n    <div class=\"col-xs-12 col-sm-6\"><div class=\"small letter-spacing-2 text-uppercase\">\u00a9 2017 Created by LaStudio<\/div><\/div>\r\n    <div class=\"col-xs-12 col-sm-6 text-right\"><img src=\"http:\/\/cosy.la-studioweb.com\/wp-content\/uploads\/2017\/04\/payment-method.png\" alt=\"\"\/><\/div>\r\n<\/div>","footer_background":{"image":"","repeat":"repeat","position":"left top","attachment":"","size":"","color":"#ffffff"},"footer_text_color":"#8a8a8a","footer_heading_color":"#343538","footer_link_color":"#8a8a8a","footer_link_hover_color":"#35d56a","footer_copyright_background_color":"#ffffff","footer_copyright_text_color":"#8a8a8a","footer_copyright_link_color":"#8a8a8a","footer_copyright_link_hover_color":"#35d56a","layout_blog":"col-2cl","blog_small_layout":"off","page_title_bar_layout_blog":"inherit","blog_design":"list_1","blog_post_column":{"xlg":"2","lg":"2","md":"2","sm":"1","xs":"1","mb":"1"},"featured_images_blog":"on","blog_thumbnail_size2":"770x370","blog_thumbnail_size":"370x250","format_content_blog":"on","blog_content_display":"excerpt","blog_excerpt_length":"20","blog_masonry":"off","blog_pagination_type":"pagination","layout_single_post":"inherit","single_small_layout":"off","page_title_bar_layout_single":"off","featured_images_single":"off","blog_pn_nav":"on","blog_post_title":"below","blog_author_info":"on","blog_social_sharing_box":"on","blog_related_posts":"on","blog_related_design":"1","blog_related_by":"both","blog_related_max_post":"2","blog_comments":"on","layout_archive_product":"col-1c","catalog_mode":"off","catalog_mode_price":"off","shop_catalog_display_type":"grid","shop_catalog_grid_style":"1","woocommerce_shop_page_columns":{"xlg":"4","lg":"4","md":"3","sm":"2","xs":"1","mb":"1"},"product_per_page_allow":"12,15,30","product_per_page_default":"12","woocommerce_enable_crossfade_effect":"on","woocommerce_toggle_grid_list":"on","woocommerce_show_rating_on_catalog":"off","woocommerce_show_quickview_btn":"on","woocommerce_show_wishlist_btn":"on","woocommerce_show_compare_btn":"on","layout_single_product":"col-1c","woocommerce_product_page_design":"1","product_sharing":"on","product_popup":"on","related_products":"on","related_products_columns":{"xlg":"4","lg":"4","md":"3","sm":"2","xs":"1","mb":"1"},"upsell_products":"on","upsell_products_columns":{"xlg":"4","lg":"4","md":"3","sm":"2","xs":"1","mb":"1"},"crosssell_products":"on","crosssell_products_columns":{"xlg":"4","lg":"4","md":"3","sm":"2","xs":"1","mb":"1"},"layout_archive_portfolio":"col-1c","main_full_width_archive_portfolio":"inherit","main_space_archive_portfolio":{"top":"","bottom":""},"portfolio_display_type":"grid","portfolio_display_style":"1","portfolio_column":{"xlg":"3","lg":"3","md":"2","sm":"2","xs":"1","mb":"1"},"portfolio_per_page":"9","portfolio_thumbnail_size":"370x300","layout_single_portfolio":"col-1c","single_portfolio_design":"1","single_portfolio_nextprev":"on","social_links":{"1":{"title":"Facebook","icon":"fa fa-facebook","link":"http:\/\/facebook.com"},"2":{"title":"Twitter","icon":"fa fa-twitter","link":"http:\/\/twitter.com"},"3":{"title":"Linked In","icon":"fa fa-linkedin","link":"https:\/\/www.linkedin.com\/"},"4":{"title":"Youtube","icon":"fa fa-youtube-play","link":"https:\/\/www.youtube.com"},"5":{"title":"Video","icon":"fa fa-vimeo-square","link":"https:\/\/vimeo.com\/"}},"sharing_facebook":true,"sharing_twitter":true,"sharing_pinterest":true,"sharing_email":true,"google_key":"AIzaSyCRVgKaDYPQokbMuy5fvGy-QoR44WNG7IA","instagram_token":"4056544068.d1a3d85.9d2eba44616b4f4c9ec2e4a9c6d89d27","la_custom_css":"","header_js":"","footer_js":"","import":"","pages_global_sidebar":"","portfolio_global_sidebar":"","portfolio_archive_global_sidebar":"","posts_global_sidebar":"","blog_archive_global_sidebar":"","sharing_reddit":"","sharing_linkedin":"","sharing_google_plus":"","sharing_tumblr":"","sharing_vk":""}