{
  "sidebar-primary": {
    "woocommerce_product_search-3": {
      "title": "",
      "classes": ""
    },
    "woocommerce_product_categories-3": {
      "title": "Categories",
      "orderby": "name",
      "dropdown": 0,
      "count": 0,
      "hierarchical": 1,
      "show_children_only": 0,
      "hide_empty": 1,
      "classes": ""
    },
    "woocommerce_price_filter-3": {
      "title": "Price",
      "classes": ""
    },
    "woocommerce_layered_nav-4": {
      "title": "Colors",
      "attribute": "",
      "display_type": "list",
      "query_type": "and",
      "classes": ""
    },
    "woocommerce_layered_nav-5": {
      "title": "Sizes",
      "attribute": "",
      "display_type": "list",
      "query_type": "and",
      "classes": ""
    },
    "recent-posts-2": {
      "title": "",
      "number": 5
    },
    "text-3": {
      "title": "",
      "text": "<a href=\"#\"><img class=\"size-full visible-inline-block\" src=\"http:\/\/cosy.la-studioweb.com\/wp-content\/uploads\/2017\/04\/ad_banner.jpg\" alt=\"Ad banner\"\/><\/a>",
      "filter": false,
      "classes": ""
    }
  },
  "sidebar-shop-filter": {
    "woocommerce_product_search-2": {
      "title": "",
      "classes": ""
    },
    "woocommerce_product_categories-2": {
      "title": "Categories",
      "orderby": "order",
      "dropdown": 0,
      "count": 1,
      "hierarchical": 1,
      "show_children_only": 0,
      "hide_empty": 1,
      "classes": ""
    },
    "woocommerce_price_filter-2": {
      "title": "Price",
      "classes": ""
    },
    "woocommerce_layered_nav-2": {
      "title": "Colors",
      "attribute": "",
      "display_type": "list",
      "query_type": "and",
      "classes": ""
    },
    "woocommerce_layered_nav-3": {
      "title": "Sizes",
      "attribute": "",
      "display_type": "list",
      "query_type": "and",
      "classes": ""
    },
    "text-2": {
      "title": "",
      "text": "<a href=\"#\"><img class=\"size-full visible-inline-block\" src=\"http:\/\/cosy.la-studioweb.com\/wp-content\/uploads\/2017\/04\/ad_banner.jpg\" alt=\"Ad banner\"\/><\/a>",
      "filter": false,
      "classes": ""
    }
  },
  "aside-widget": {
    "text-12": {
      "title": "",
      "text": "<div class=\"font-size-16\">[la_social_link]<\/div>",
      "filter": false,
      "classes": ""
    }
  },
  "f-col-1": {
    "text-15": {
      "title": "",
      "text": "<div class=\"margin-bottom-30 margin-top-30\"><a href=\"http:\/\/cosy.la-studioweb.com\/\" rel=\"home\">\r\n\t<img src=\"http:\/\/cosy.la-studioweb.com\/wp-content\/uploads\/2017\/04\/logo-sport-black.png\" alt=\"Cosy - Multipurpose WooCommerce Wordpress Theme\" srcset=\"http:\/\/cosy.la-studioweb.com\/wp-content\/uploads\/2017\/04\/logo-sport-black@2x.png 2x\"\/>\r\n<\/a><\/div>\r\n<div class=\"font-size-16\">[la_social_link]<\/div>",
      "filter": false,
      "classes": ""
    }
  },
  "f-col-2": {
    "nav_menu-2": {
      "nav_menu": "Footer Menu",
      "classes": "menu-half-col text-uppercase"
    }
  },
  "f-col-3": {
    "contact_info-2": {
      "title": "",
      "phone": "(+568) 568 8686868",
      "email": "info@la-studioweb.com",
      "address": "87 Rue Jeanne d'Arc, 54000 Nancy, France",
      "classes": "text-uppercase"
    }
  },
  "f-col-4": {
    "text-5": {
      "title": "",
      "text": "[la_maps height=\"340px\" map_type=\"SATELLITE\" lat=\"48.6839991\" lng=\"6.1710352\" zoom=\"12\" marker_icon=\"default_self\"][\/la_maps]",
      "filter": false,
      "classes": ""
    }
  }
}