{
  "sidebar-primary": {
    "woocommerce_product_search-3": {
      "title": "",
      "classes": ""
    },
    "woocommerce_product_categories-3": {
      "title": "Categories",
      "orderby": "name",
      "dropdown": 0,
      "count": 0,
      "hierarchical": 1,
      "show_children_only": 0,
      "hide_empty": 1,
      "classes": ""
    },
    "woocommerce_price_filter-3": {
      "title": "Price",
      "classes": ""
    },
    "woocommerce_layered_nav-4": {
      "title": "Colors",
      "attribute": "",
      "display_type": "list",
      "query_type": "and",
      "classes": ""
    },
    "woocommerce_layered_nav-5": {
      "title": "Sizes",
      "attribute": "",
      "display_type": "list",
      "query_type": "and",
      "classes": ""
    },
    "recent-posts-2": {
      "title": "",
      "number": 5
    },
    "text-3": {
      "title": "",
      "text": "<a href=\"#\"><img class=\"size-full visible-inline-block\" src=\"http:\/\/cosy.la-studioweb.com\/wp-content\/uploads\/2017\/04\/ad_banner.jpg\" alt=\"Ad banner\"\/><\/a>",
      "filter": false,
      "classes": ""
    }
  },
  "sidebar-shop-filter": {
    "woocommerce_product_search-2": {
      "title": "",
      "classes": ""
    },
    "woocommerce_product_categories-2": {
      "title": "Categories",
      "orderby": "order",
      "dropdown": 0,
      "count": 1,
      "hierarchical": 1,
      "show_children_only": 0,
      "hide_empty": 1,
      "classes": ""
    },
    "woocommerce_price_filter-2": {
      "title": "Price",
      "classes": ""
    },
    "woocommerce_layered_nav-2": {
      "title": "Colors",
      "attribute": "",
      "display_type": "list",
      "query_type": "and",
      "classes": ""
    },
    "woocommerce_layered_nav-3": {
      "title": "Sizes",
      "attribute": "",
      "display_type": "list",
      "query_type": "and",
      "classes": ""
    },
    "text-2": {
      "title": "",
      "text": "<a href=\"#\"><img class=\"size-full visible-inline-block\" src=\"http:\/\/cosy.la-studioweb.com\/wp-content\/uploads\/2017\/04\/ad_banner.jpg\" alt=\"Ad banner\"\/><\/a>",
      "filter": false,
      "classes": ""
    }
  },
  "aside-widget": {
    "text-12": {
      "title": "",
      "text": "<div class=\"font-size-16\">[la_social_link]<\/div>",
      "filter": false,
      "classes": ""
    }
  },
  "f-col-1": {
    "text-6": {
      "title": "",
      "text": "<div class=\"margin-bottom-30 margin-top-30\"><a href=\"http:\/\/cosy.la-studioweb.com\/\" rel=\"home\">\r\n\t<img src=\"http:\/\/cosy.la-studioweb.com\/wp-content\/uploads\/2017\/04\/logo-fashion.png\" alt=\"Cosy - Multipurpose WooCommerce Wordpress Theme\" srcset=\"http:\/\/cosy.la-studioweb.com\/wp-content\/uploads\/2017\/04\/logo-fashion@2x.png 2x\"\/>\r\n<\/a><\/div>\r\n<div class=\"font-size-14 three-font-family line-height-30\">Nulla tincidunt, leo in congue faucibus, elit augue vehicula justo, sed vehicula lacus ligula non turpis. Fusce non vestibulum velit. Sed rutrum leo ac nibh .<\/div>",
      "filter": false,
      "classes": ""
    }
  },
  "f-col-2": {
    "nav_menu-3": {
      "title": "CUSTOMER SERVICES",
      "nav_menu": "Footer Menu",
      "classes": "menu-half-col text-uppercase"
    }
  },
  "f-col-3": {
    "text-7": {
      "title": "@INSTAGRAM",
      "text": "[la_instagram_feed feed_type=\"user\" limit=\"8\" column=\"xlg:4;lg:4;md:3;sm:3;xs:3;mb:3;\" user_id=\"4056544068\"  el_class=\"grid-item-padding-20 instagram-grayscale\"]",
      "filter": false,
      "classes": ""
    }
  }
}